{
  "best_model": "gradient_boosting",
  "all_results": {
    "logistic_regression": {
      "accuracy": 0.7885024840312278,
      "precision": 0.7798275846669953,
      "recall": 0.7885024840312278,
      "f1_score": 0.7827302610574909,
      "confusion_matrix": [
        [
          914,
          121
        ],
        [
          177,
          197
        ]
      ]
    },
    "random_forest": {
      "accuracy": 0.7991483321504613,
      "precision": 0.787589873473602,
      "recall": 0.7991483321504613,
      "f1_score": 0.7886800243819257,
      "confusion_matrix": [
        [
          942,
          93
        ],
        [
          190,
          184
        ]
      ]
    },
    "gradient_boosting": {
      "accuracy": 0.808374733853797,
      "precision": 0.7990750693992655,
      "recall": 0.808374733853797,
      "f1_score": 0.8006996570095272,
      "confusion_matrix": [
        [
          939,
          96
        ],
        [
          174,
          200
        ]
      ]
    }
  },
  "training_samples": 5634,
  "test_samples": 1409,
  "features_count": 23,
  "target_column": "churn"
}